num_frames_clust,time_clust,num_frames_just,time_just,time_slice
196.27673061038877,0.001276018943672929,4.059572532969532,0.001152146933627484,16
2922.6785714285716,0.0014631904306865364,30.583333333333332,0.0015271859509603809,128
1854.8846153846155,0.0014018278855543384,15.23076923076923,0.00164207128378055,256
55.0,0.0015235543251037001,1.25,0.0017972588539123002,1024
12.5,0.0014230012893675999,1.5,0.0015145540237425999,2048
,,,,3016
