num_frames_clust,time_clust,num_frames_just,time_just,time_slice
0.1767766952966369,0.00018625224380679626,0.47092907485988494,0.00041575071127720537,16
0.808253661486911,0.00015475120014455637,0.5467116735935275,0.00032690004802333035,128
1.0882691068897443,0.00017282762495229235,0.6105484465435455,0.00028358833274320754,256
1.3753567249678185,0.00016429940594678548,0.6931633382558342,0.0002768143486977989,1024
1.5415657061421408,0.0001416455746367917,0.7005860913061103,0.000264805338005131,2048
1.6942738485738553,0.00015978921247738735,0.7092161951582422,0.0002612337653943563,3016
